{
    "fit_time":[
        1.6260881423950195,
        1.6436898708343506,
        1.704134225845337,
        1.6610782146453857
    ],
    "score_time":[
        0.4003639221191406,
        0.4190852642059326,
        0.4114658832550049,
        0.4056417942047119
    ],
    "test_accuracy":[
        0.999758174071993,
        0.9998861995632908,
        0.9999004246178794,
        0.9999217616432899
    ],
    "test_f1":[
        0.999878468995296,
        0.9999428073035074,
        0.9999499556750264,
        0.9999606804428098
    ],
    "test_precision":[
        0.9998641731720569,
        0.9999571048643083,
        0.9999785518188058,
        0.9999571060909351
    ],
    "test_recall":[
        0.9998927652273377,
        0.9999285101515585,
        0.9999213611667144,
        0.9999642548202375
    ],
    "test_roc_auc":[
        0.9866967312887037,
        0.9957801546573691,
        0.9978686303741522,
        0.9957980269917087
    ],
    "train_accuracy":[
        1.0,
        1.0,
        1.0,
        1.0
    ],
    "train_f1":[
        1.0,
        1.0,
        1.0,
        1.0
    ],
    "train_precision":[
        1.0,
        1.0,
        1.0,
        1.0
    ],
    "train_recall":[
        1.0,
        1.0,
        1.0,
        1.0
    ],
    "train_roc_auc":[
        1.0,
        1.0,
        1.0,
        1.0
    ]
}