{
    "fit_time":[
        2.487462043762207,
        2.7241199016571045,
        2.6011807918548584,
        2.5283291339874268
    ],
    "score_time":[
        0.5732898712158203,
        0.6338908672332764,
        0.6106612682342529,
        0.6045670509338379
    ],
    "test_accuracy":[
        0.999800849235759,
        0.9999075371451738,
        0.9999217621997625,
        0.9999217616432899
    ],
    "test_f1":[
        0.9998999163586711,
        0.9999535314324115,
        0.9999606795995037,
        0.9999606801617118
    ],
    "test_precision":[
        0.9998784724704403,
        0.999957105784285,
        0.999985701314764,
        0.9999642545646921
    ],
    "test_recall":[
        0.9999213611667144,
        0.9999499571060909,
        0.9999356591364026,
        0.999957105784285
    ],
    "test_roc_auc":[
        0.9881057293978621,
        0.9957908781346353,
        0.9985731294287313,
        0.9964918025434675
    ],
    "train_accuracy":[
        1.0,
        1.0,
        1.0,
        1.0
    ],
    "train_f1":[
        1.0,
        1.0,
        1.0,
        1.0
    ],
    "train_precision":[
        1.0,
        1.0,
        1.0,
        1.0
    ],
    "train_recall":[
        1.0,
        1.0,
        1.0,
        1.0
    ],
    "train_roc_auc":[
        1.0,
        1.0,
        1.0,
        1.0
    ]
}