{
    "fit_time":[
        2.2561850547790527,
        2.3596110343933105,
        2.2124218940734863,
        2.217461109161377
    ],
    "score_time":[
        0.41883182525634766,
        0.4189751148223877,
        0.41673707962036133,
        0.4681079387664795
    ],
    "test_accuracy":[
        0.9997723991265817,
        0.9999075371451738,
        0.9999004246178794,
        0.9999075364875245
    ],
    "test_f1":[
        0.9998856170602155,
        0.9999535314324115,
        0.9999499563905688,
        0.9999535314324115
    ],
    "test_precision":[
        0.9998784689952961,
        0.999957105784285,
        0.9999642540535904,
        0.9999499571060909
    ],
    "test_recall":[
        0.9998927652273377,
        0.9999499571060909,
        0.9999356591364026,
        0.999957105784285
    ],
    "test_roc_auc":[
        0.9880914314281738,
        0.9957908781346353,
        0.9964810792195263,
        0.9950971024039975
    ],
    "train_accuracy":[
        1.0,
        1.0,
        1.0,
        1.0
    ],
    "train_f1":[
        1.0,
        1.0,
        1.0,
        1.0
    ],
    "train_precision":[
        1.0,
        1.0,
        1.0,
        1.0
    ],
    "train_recall":[
        1.0,
        1.0,
        1.0,
        1.0
    ],
    "train_roc_auc":[
        1.0,
        1.0,
        1.0,
        1.0
    ]
}